segment_id	alignment_group_id	celex_id	legal_act_short_title	legal_act_full_title	article	paragraph	fine_segment_order	language	segment_text	official_source_url	public_sample_note
THT-PUBLIC-001-EN	THT-PUBLIC-001	32016R0679	GDPR	Regulation (EU) 2016/679	5	1	4	EN	accurate and, where necessary, kept up to date; every reasonable step must be taken to ensure that personal data that are inaccurate, having regard to the purposes for which they are processed, are erased or rectified without delay (accuracy);	https://eur-lex.europa.eu/legal-content/EN/TXT/?uri=CELEX:32016R0679	Terminology and regulatory meaning: accuracy principle
THT-PUBLIC-001-FR	THT-PUBLIC-001	32016R0679	GDPR	Regulation (EU) 2016/679	5	1	4	FR	exactes et, si nécessaire, tenues à jour; toutes les mesures raisonnables doivent être prises pour que les données à caractère personnel qui sont inexactes, eu égard aux finalités pour lesquelles elles sont traitées, soient effacées ou rectifiées sans tarder (exactitude)	https://eur-lex.europa.eu/legal-content/FR/TXT/?uri=CELEX:32016R0679	Terminology and regulatory meaning: accuracy principle
THT-PUBLIC-001-DE	THT-PUBLIC-001	32016R0679	GDPR	Regulation (EU) 2016/679	5	1	4	DE	sachlich richtig und erforderlichenfalls auf dem neuesten Stand sein; es sind alle angemessenen Maßnahmen zu treffen, damit personenbezogene Daten, die im Hinblick auf die Zwecke ihrer Verarbeitung unrichtig sind, unverzüglich gelöscht oder berichtigt werden (Richtigkeit);	https://eur-lex.europa.eu/legal-content/DE/TXT/?uri=CELEX:32016R0679	Terminology and regulatory meaning: accuracy principle
THT-PUBLIC-002-EN	THT-PUBLIC-002	32022R2065	Digital Services Act	Regulation (EU) 2022/2065	15	1	5	EN	any use made of automated means for the purpose of content moderation, including a qualitative description, a specification of the precise purposes, indicators of the accuracy and the possible rate of error of the automated means used in fulfilling those purposes, and any safeguards applied.	https://eur-lex.europa.eu/legal-content/EN/TXT/?uri=CELEX:32022R2065	Source-grounded review: automated content moderation information
THT-PUBLIC-002-FR	THT-PUBLIC-002	32022R2065	Digital Services Act	Regulation (EU) 2022/2065	15	1	5	FR	tout recours à des moyens automatisés à des fins de modération des contenus, y compris une description qualitative, une indication des objectifs précis, des indicateurs de la précision et du taux d’erreur possible des moyens automatisés utilisés pour atteindre ces objectifs, et les éventuelles mesures de sauvegarde appliquées	https://eur-lex.europa.eu/legal-content/FR/TXT/?uri=CELEX:32022R2065	Source-grounded review: automated content moderation information
THT-PUBLIC-002-DE	THT-PUBLIC-002	32022R2065	Digital Services Act	Regulation (EU) 2022/2065	15	1	5	DE	die etwaige Verwendung automatisierter Mittel zur Moderation von Inhalten, mit einer qualitativen Beschreibung, mit Angabe der genauen Zwecke, mit Indikatoren für die Genauigkeit und mit der möglichen Fehlerquote der bei der Erfüllung dieser Zwecke verwendeten automatisierten Mittel und mit angewandten Schutzvorkehrungen	https://eur-lex.europa.eu/legal-content/DE/TXT/?uri=CELEX:32022R2065	Source-grounded review: automated content moderation information
THT-PUBLIC-003-EN	THT-PUBLIC-003	32024R1689	AI Act	Regulation (EU) 2024/1689	14	4	4	EN	to decide, in any particular situation, not to use the high-risk AI system or to otherwise disregard, override or reverse the output of the high-risk AI system;	https://eur-lex.europa.eu/legal-content/EN/TXT/?uri=CELEX:32024R1689	AI regulatory content: human oversight and output control
THT-PUBLIC-003-FR	THT-PUBLIC-003	32024R1689	AI Act	Regulation (EU) 2024/1689	14	4	4	FR	de décider, dans une situation particulière, de ne pas utiliser le système d’IA à haut risque ou d’ignorer, remplacer ou inverser la sortie du système d’IA à haut risque;	https://eur-lex.europa.eu/legal-content/FR/TXT/?uri=CELEX:32024R1689	AI regulatory content: human oversight and output control
THT-PUBLIC-003-DE	THT-PUBLIC-003	32024R1689	AI Act	Regulation (EU) 2024/1689	14	4	4	DE	in einer bestimmten Situation zu beschließen, das Hochrisiko-KI-System nicht zu verwenden oder die Ausgabe des Hochrisiko-KI-Systems außer Acht zu lassen, außer Kraft zu setzen oder rückgängig zu machen;	https://eur-lex.europa.eu/legal-content/DE/TXT/?uri=CELEX:32024R1689	AI regulatory content: human oversight and output control
THT-PUBLIC-004-EN	THT-PUBLIC-004	32023R2854	Data Act	Regulation (EU) 2023/2854	3	3	2	EN	the nature and estimated volume of related service data to be generated, as well as the arrangements for the user to access or retrieve such data, including the prospective data holder’s data storage arrangements and the duration of retention;	https://eur-lex.europa.eu/legal-content/EN/TXT/?uri=CELEX:32023R2854	Data access and information requirements
THT-PUBLIC-004-FR	THT-PUBLIC-004	32023R2854	Data Act	Regulation (EU) 2023/2854	3	3	2	FR	la nature et le volume estimé des données relatives aux services connexes à générer, ainsi que les modalités selon lesquelles l'utilisateur peut avoir accès à ces données ou les extraire, y compris les modalités de stockage des données du détenteur de données potentiel et la durée de conservation	https://eur-lex.europa.eu/legal-content/FR/TXT/?uri=CELEX:32023R2854	Data access and information requirements
THT-PUBLIC-004-DE	THT-PUBLIC-004	32023R2854	Data Act	Regulation (EU) 2023/2854	3	3	2	DE	die Art und der geschätzte Umfang der zu generierenden verbundenen Dienstdaten sowie die Modalitäten, nach denen der Nutzer auf diese Daten zugreifen oder sie abrufen kann, einschließlich der Modalitäten des künftigen Dateninhabers in Bezug auf die Speicherung und der Dauer der Aufbewahrung von Daten;	https://eur-lex.europa.eu/legal-content/DE/TXT/?uri=CELEX:32023R2854	Data access and information requirements
THT-PUBLIC-005-EN	THT-PUBLIC-005	32022R0868	Data Governance Act	Regulation (EU) 2022/868	1	1	2	EN	a notification and supervisory framework for the provision of data intermediation services;	https://eur-lex.europa.eu/legal-content/EN/TXT/?uri=CELEX:32022R0868	Regulatory framework structure: data intermediation services
THT-PUBLIC-005-FR	THT-PUBLIC-005	32022R0868	Data Governance Act	Regulation (EU) 2022/868	1	1	2	FR	un cadre de notification et de surveillance pour la fourniture de services d’intermédiation de données	https://eur-lex.europa.eu/legal-content/FR/TXT/?uri=CELEX:32022R0868	Regulatory framework structure: data intermediation services
THT-PUBLIC-005-DE	THT-PUBLIC-005	32022R0868	Data Governance Act	Regulation (EU) 2022/868	1	1	2	DE	ein Anmelde- und Aufsichtsrahmen für die Erbringung von Datenvermittlungsdiensten;	https://eur-lex.europa.eu/legal-content/DE/TXT/?uri=CELEX:32022R0868	Regulatory framework structure: data intermediation services
